rainfall,soil_moisture,slope,elevation,temperature,risk
87.96,17.13,30.45,579.62,27.74,LOW
117.46,27.54,18.85,1208.96,25.46,MEDIUM
77.78,33.45,46.61,50.0,34.27,MEDIUM
70.06,28.11,39.81,995.61,23.51,MEDIUM
127.09,44.62,31.77,1530.16,20.02,HIGH
74.42,16.38,51.33,1454.78,17.66,MEDIUM
98.08,37.62,8.51,1013.72,29.41,MEDIUM
91.85,44.7,27.9,723.29,27.09,MEDIUM
127.01,43.68,32.76,582.96,27.83,HIGH
61.76,29.41,16.11,722.77,35.72,LOW
155.22,41.78,31.91,1078.4,25.19,HIGH
50.94,16.97,13.61,510.96,22.53,LOW
102.31,33.58,36.98,1168.12,23.12,MEDIUM
94.59,46.99,41.75,1745.93,18.02,HIGH
47.52,24.29,31.54,824.01,24.03,MEDIUM
107.96,25.49,3.91,285.35,26.43,LOW
65.18,23.01,15.43,285.21,25.84,LOW
36.16,26.0,35.34,1176.16,19.25,MEDIUM
116.94,32.6,28.28,824.91,30.38,MEDIUM
25.85,27.47,2.0,1218.27,24.47,LOW
41.69,30.42,44.16,625.87,25.46,HIGH
77.17,40.13,29.78,1198.86,26.03,MEDIUM
126.48,53.9,17.35,783.51,26.98,MEDIUM
112.34,46.93,40.93,542.35,27.44,MEDIUM
87.03,21.65,19.19,681.58,28.12,LOW
18.99,11.1,19.05,347.24,27.87,LOW
49.21,25.04,32.66,1685.53,23.56,MEDIUM
57.59,22.25,51.15,809.52,27.77,MEDIUM
34.81,11.05,49.11,1120.7,24.48,LOW
14.53,15.47,32.68,624.51,25.48,MEDIUM
79.72,25.54,34.01,408.19,32.06,LOW
114.64,28.95,38.29,751.77,24.09,MEDIUM
54.32,23.22,11.66,1312.5,24.35,LOW
125.45,51.04,36.37,631.29,27.48,HIGH
23.18,23.9,18.46,484.38,24.87,LOW
33.1,50.49,32.14,915.29,22.3,MEDIUM
78.59,32.45,25.04,1059.59,23.1,MEDIUM
50.98,22.97,34.52,1540.0,20.49,LOW
108.62,35.43,29.54,998.58,19.84,MEDIUM
97.39,36.4,2.0,1120.48,21.87,MEDIUM
53.7,31.38,30.33,1152.1,24.67,MEDIUM
25.2,44.88,36.35,365.73,31.41,LOW
49.25,16.58,33.8,445.4,28.77,LOW
98.93,43.28,26.67,394.76,18.91,MEDIUM
111.39,38.11,49.35,290.5,29.74,LOW
51.15,8.9,32.05,1184.09,21.89,MEDIUM
14.45,28.79,33.69,971.82,26.08,MEDIUM
22.04,35.47,41.58,883.39,24.98,LOW
93.78,23.58,32.71,50.0,28.16,LOW
53.06,26.39,16.33,1713.3,20.96,LOW
54.0,7.66,2.0,474.41,26.79,LOW
32.66,9.38,21.8,1711.76,25.6,LOW
32.16,34.67,37.89,241.32,27.85,LOW
124.12,32.73,23.41,508.79,30.18,MEDIUM
95.96,21.16,38.42,50.0,31.78,MEDIUM
44.34,27.62,29.93,1002.09,26.63,LOW
74.74,24.21,44.74,387.47,21.54,MEDIUM
83.71,26.21,24.16,399.34,30.78,LOW
190.83,56.66,34.08,273.54,26.3,HIGH
29.96,10.01,34.58,1176.49,26.0,LOW
82.98,21.32,47.52,1148.81,20.72,MEDIUM
123.72,39.49,5.81,1611.05,17.96,LOW
177.26,57.02,22.04,562.0,32.8,MEDIUM
42.63,38.44,39.03,941.9,21.7,LOW
52.56,19.09,48.1,308.48,31.28,MEDIUM
109.28,45.8,31.12,709.28,26.19,MEDIUM
18.7,12.37,24.19,632.08,24.81,LOW
88.49,52.25,37.84,1045.07,24.15,MEDIUM
233.3,42.86,39.29,1277.15,19.09,HIGH
94.7,47.76,23.32,1266.25,23.26,MEDIUM
7.84,12.03,32.29,496.02,23.3,LOW
36.54,45.99,43.35,1269.36,22.02,MEDIUM
43.66,31.49,52.58,831.48,28.22,MEDIUM
141.92,29.53,37.65,713.67,26.6,HIGH
63.01,22.34,28.57,552.43,21.77,MEDIUM
14.67,28.94,27.3,614.83,28.96,LOW
68.18,40.49,35.25,1581.77,21.86,MEDIUM
77.91,29.69,26.5,979.11,22.86,LOW
48.04,26.18,30.47,923.34,27.23,MEDIUM
31.7,31.41,14.25,739.86,25.14,LOW
248.76,59.25,44.86,1877.31,16.82,HIGH
123.98,23.61,13.18,1398.1,28.62,MEDIUM
131.12,30.04,22.38,547.15,26.48,MEDIUM
63.11,30.68,29.27,735.08,25.43,MEDIUM
42.08,38.1,53.88,760.02,24.28,MEDIUM
49.84,43.75,22.51,911.27,28.68,MEDIUM
23.12,30.27,19.34,555.49,24.82,LOW
188.56,51.33,20.84,1034.3,19.4,HIGH
64.95,36.63,49.57,1459.88,20.26,MEDIUM
162.64,36.69,2.0,298.28,31.9,LOW
51.67,24.58,14.96,376.18,29.97,LOW
95.6,24.23,63.51,647.07,25.27,MEDIUM
80.88,17.2,35.68,666.55,30.39,LOW
20.97,25.02,13.62,1689.36,23.79,LOW
203.33,52.57,27.46,1270.72,22.43,MEDIUM
52.84,34.02,28.88,1246.62,22.86,LOW
27.58,28.42,39.0,738.97,26.73,MEDIUM
109.85,38.25,51.91,729.75,23.05,MEDIUM
70.67,35.43,33.05,240.28,27.93,MEDIUM
89.94,31.92,20.98,1178.33,24.68,LOW
75.74,34.66,38.23,1056.24,18.85,MEDIUM
8.86,11.43,18.92,1390.12,22.14,LOW
35.54,27.75,14.57,761.45,24.6,LOW
34.41,30.86,5.12,790.45,28.73,LOW
129.9,31.42,7.65,921.42,18.95,LOW
72.54,30.18,16.35,1224.6,22.27,LOW
99.44,27.05,12.69,232.51,26.41,MEDIUM
55.25,21.05,32.07,1159.14,26.86,LOW
102.7,22.06,12.41,841.39,25.07,LOW
63.21,42.04,2.0,405.37,32.92,LOW
59.93,39.31,14.43,50.0,30.89,LOW
80.5,36.79,21.87,792.68,24.12,LOW
75.74,51.81,20.13,1458.04,23.21,LOW
298.35,63.65,47.75,1553.37,20.88,CRITICAL
35.22,56.98,20.02,999.26,27.25,MEDIUM
18.85,18.51,39.45,1674.04,17.2,LOW
88.61,34.99,27.75,831.96,22.62,MEDIUM
39.41,19.93,27.45,1250.39,24.83,MEDIUM
7.66,23.32,17.14,660.48,29.95,LOW
28.84,31.81,27.24,633.87,19.1,LOW
258.78,58.15,18.05,565.45,30.85,HIGH
34.45,43.06,30.21,50.0,28.33,LOW
13.22,22.75,24.93,1390.58,16.71,LOW
248.85,60.79,15.72,580.51,16.78,HIGH
27.87,12.46,40.89,513.4,21.8,LOW
320.0,73.8,33.55,354.41,27.34,HIGH
53.48,25.08,22.18,764.17,25.35,LOW
203.86,43.93,29.89,1590.67,23.87,HIGH
58.95,18.89,26.91,1729.39,19.46,MEDIUM
95.98,62.75,16.72,152.44,24.77,MEDIUM
64.21,25.38,28.92,701.13,24.52,MEDIUM
59.27,11.46,19.93,415.57,27.24,LOW
83.68,23.71,15.72,1265.1,24.05,MEDIUM
98.34,33.17,6.9,970.37,22.11,LOW
79.31,36.7,23.34,582.64,29.26,MEDIUM
73.73,35.9,35.37,880.48,23.05,MEDIUM
39.68,31.79,18.97,649.48,23.29,LOW
66.0,21.47,60.77,1527.98,20.39,HIGH
187.99,51.82,39.51,1079.72,27.58,HIGH
38.23,14.48,44.96,1131.33,23.48,LOW
85.37,24.84,38.34,50.0,26.55,MEDIUM
152.49,32.3,52.09,821.95,28.26,HIGH
98.9,20.75,17.77,1724.95,28.09,MEDIUM
130.8,50.63,2.0,1406.97,23.34,MEDIUM
27.49,29.97,22.2,74.22,32.61,LOW
85.52,42.43,35.26,718.36,29.08,MEDIUM
56.82,27.52,29.97,345.36,25.51,LOW
58.64,35.93,31.58,1568.66,22.03,HIGH
178.04,27.11,45.17,952.6,20.61,HIGH
59.33,36.99,32.97,527.53,25.97,MEDIUM
87.44,33.94,38.39,864.35,23.11,MEDIUM
13.23,27.02,15.79,50.0,27.49,LOW
203.72,54.77,13.76,394.32,24.83,HIGH
125.9,27.29,48.98,865.31,24.19,MEDIUM
67.8,12.37,29.31,1205.18,25.28,LOW
54.95,18.96,19.9,50.0,28.39,LOW
105.69,41.12,19.92,689.91,19.93,MEDIUM
151.3,49.8,19.56,1274.07,20.88,MEDIUM
205.46,35.83,18.78,240.39,23.06,MEDIUM
123.19,26.92,11.32,946.26,25.52,MEDIUM
74.44,21.96,8.49,877.71,26.66,LOW
135.71,35.78,25.46,1570.04,22.76,MEDIUM
119.8,22.19,20.29,753.34,23.09,MEDIUM
74.65,14.3,42.39,777.93,26.29,LOW
117.49,27.76,31.81,1209.08,22.05,LOW
116.04,37.52,31.45,292.93,24.04,LOW
67.51,15.82,18.34,757.23,27.97,LOW
47.28,24.29,26.43,658.6,28.65,LOW
109.45,47.16,32.69,791.66,28.47,MEDIUM
30.25,8.52,37.31,1206.33,21.62,LOW
24.66,19.68,26.78,1082.75,27.9,MEDIUM
88.4,43.42,42.03,535.55,25.01,HIGH
107.47,30.59,28.1,907.41,27.01,LOW
87.94,25.76,38.31,1475.99,20.72,MEDIUM
94.66,45.94,21.63,500.83,26.03,LOW
106.25,31.63,4.44,910.97,17.15,LOW
178.47,58.7,31.49,768.87,24.57,HIGH
124.59,42.65,37.43,823.54,25.59,MEDIUM
122.13,33.77,35.48,165.12,26.94,MEDIUM
83.72,36.67,33.49,1442.52,28.13,MEDIUM
85.92,35.27,23.47,524.77,22.92,MEDIUM
63.55,39.4,17.51,1280.95,21.43,LOW
92.76,26.81,35.17,589.02,23.45,MEDIUM
28.95,23.08,33.54,587.29,24.55,LOW
179.0,45.96,20.71,1359.51,26.18,MEDIUM
36.24,31.54,42.42,1267.43,28.03,MEDIUM
124.42,26.63,16.52,937.64,22.54,MEDIUM
164.72,55.54,20.41,1169.68,21.42,MEDIUM
124.23,43.01,49.27,728.81,22.02,HIGH
273.4,47.26,39.29,846.49,29.37,HIGH
9.48,32.81,23.35,572.12,30.01,MEDIUM
49.73,50.53,31.74,1229.71,23.13,MEDIUM
162.96,55.09,30.01,558.77,22.02,MEDIUM
23.77,37.5,2.0,1473.77,18.19,LOW
37.18,24.89,16.22,717.35,26.32,LOW
101.78,16.01,27.34,858.61,26.89,MEDIUM
73.79,9.52,23.36,1168.67,17.13,LOW
97.56,36.41,31.21,860.02,24.1,MEDIUM
78.36,24.03,42.68,724.88,30.92,LOW
83.51,21.3,23.82,837.39,24.54,LOW
40.28,23.75,14.25,1225.4,28.25,LOW
81.65,37.84,32.22,571.6,28.5,LOW
52.39,10.4,23.75,796.98,21.94,LOW
58.01,22.34,25.97,854.32,24.22,MEDIUM
123.3,54.34,24.21,1213.13,23.13,MEDIUM
22.67,9.8,57.14,808.06,22.32,MEDIUM
5.67,28.47,2.0,1609.49,18.65,LOW
117.39,31.45,22.95,784.25,30.29,MEDIUM
81.71,37.08,27.95,750.17,22.5,MEDIUM
164.6,56.41,17.85,778.17,28.95,HIGH
38.02,32.24,39.7,297.01,26.27,MEDIUM
65.96,38.55,38.57,414.57,27.05,MEDIUM
75.82,17.46,27.38,627.12,27.98,LOW
44.33,37.34,24.48,1327.05,21.11,LOW
34.09,14.08,26.54,836.09,27.05,LOW
121.37,40.27,26.64,646.45,19.54,LOW
20.65,24.15,26.98,1365.14,24.26,MEDIUM
29.46,28.05,25.56,1501.49,14.34,LOW
64.34,32.0,31.28,1377.26,22.08,MEDIUM
130.87,29.66,37.79,491.7,29.52,MEDIUM
46.67,10.62,12.01,642.0,28.1,LOW
42.1,34.33,14.34,1611.77,17.59,MEDIUM
61.55,29.89,5.27,951.28,20.98,MEDIUM
91.43,45.27,39.26,737.6,23.48,HIGH
54.58,26.24,31.25,1151.71,24.41,LOW
142.02,25.27,34.57,1273.07,16.77,MEDIUM
145.96,51.98,9.42,609.99,26.21,MEDIUM
64.34,24.22,51.2,942.16,25.76,MEDIUM
228.09,58.26,20.08,1239.16,22.52,MEDIUM
74.6,22.81,30.19,362.68,29.05,LOW
142.77,58.93,39.11,855.19,25.87,HIGH
89.67,22.7,15.17,381.96,25.55,LOW
88.51,28.45,20.9,436.9,20.84,LOW
16.27,21.79,30.33,613.5,26.67,LOW
27.3,10.35,65.0,1050.39,21.22,MEDIUM
56.77,30.72,31.91,714.75,23.93,MEDIUM
145.24,58.97,48.88,577.66,27.93,MEDIUM
90.56,27.09,43.67,871.65,29.61,HIGH
57.17,31.49,32.78,368.28,27.22,LOW
108.18,5.07,15.14,1030.1,26.14,LOW
141.74,40.25,41.78,1325.18,18.41,HIGH
71.26,25.96,8.52,816.73,26.11,LOW
83.16,22.3,48.81,764.89,25.37,MEDIUM
75.79,42.02,30.6,1006.84,28.4,MEDIUM
68.03,25.3,2.0,50.0,27.05,LOW
37.67,22.08,23.57,1075.46,23.39,LOW
35.27,19.49,36.5,2152.79,22.7,MEDIUM
107.72,14.15,24.92,798.48,25.11,LOW
143.52,28.51,37.3,799.97,21.85,HIGH
57.09,37.71,16.95,1162.31,31.93,LOW
56.08,5.0,11.02,1541.04,18.61,LOW
12.01,11.49,27.07,1259.49,23.13,LOW
9.65,15.15,28.41,50.0,29.88,LOW
167.92,64.05,23.47,1086.63,24.97,MEDIUM
39.75,32.82,43.95,1930.21,19.71,LOW
285.41,57.54,16.95,1111.43,23.41,HIGH
45.67,39.66,32.07,365.07,26.61,LOW
16.84,12.55,28.88,968.37,21.07,MEDIUM
76.22,41.3,7.76,312.11,34.48,LOW
120.42,22.32,10.85,1367.78,22.14,MEDIUM
111.6,47.66,28.15,448.53,28.89,MEDIUM
128.5,34.09,53.76,881.18,23.96,HIGH
31.55,11.73,35.53,489.73,25.66,LOW
165.34,42.07,5.57,620.49,24.75,MEDIUM
171.63,48.51,2.0,1474.18,17.41,MEDIUM
176.47,40.79,37.53,893.45,24.47,MEDIUM
85.2,37.73,26.75,615.13,24.93,LOW
53.76,20.19,42.84,369.0,31.09,LOW
50.1,32.84,16.55,63.89,24.88,LOW
16.74,25.54,32.55,324.46,25.69,LOW
46.48,24.77,39.0,897.02,22.09,MEDIUM
5.1,13.96,22.18,1261.7,27.94,LOW
14.46,21.98,22.46,614.65,23.45,LOW
84.58,37.59,28.33,1509.63,24.01,MEDIUM
58.57,50.05,35.05,548.65,29.64,LOW
82.03,41.46,27.81,750.04,25.16,MEDIUM
114.32,47.03,40.66,396.58,22.81,MEDIUM
92.86,66.83,21.99,1266.12,18.94,MEDIUM
87.46,37.67,10.73,1730.95,23.96,MEDIUM
66.51,33.97,53.7,110.04,24.47,MEDIUM
38.56,31.91,20.14,704.61,27.08,LOW
23.95,10.73,20.61,1381.21,23.15,LOW
47.46,20.71,27.14,242.28,29.12,LOW
67.33,23.2,28.87,1088.01,25.61,MEDIUM
73.62,36.9,22.97,1363.02,19.88,LOW
128.68,36.67,27.77,882.86,21.91,MEDIUM
62.96,29.59,27.48,1081.11,26.42,LOW
103.39,46.5,30.27,1589.58,19.83,MEDIUM
19.18,30.56,2.0,1668.34,12.69,LOW
85.43,29.89,52.45,823.97,27.37,MEDIUM
81.25,23.63,26.09,626.4,22.87,LOW
165.38,56.95,35.55,463.61,28.41,HIGH
58.61,35.89,10.08,1260.32,27.79,LOW
56.75,9.41,21.88,273.85,27.82,LOW
114.86,32.93,19.26,743.92,28.84,LOW
25.7,23.93,47.11,893.13,25.47,LOW
83.87,39.99,20.38,638.74,31.21,LOW
24.52,31.93,37.86,967.52,21.25,MEDIUM
213.73,55.32,19.54,1927.1,20.3,HIGH
51.12,32.62,22.12,798.93,27.56,MEDIUM
23.04,22.39,24.81,667.13,25.39,LOW
47.19,18.14,44.69,1276.44,26.94,LOW
84.23,28.6,3.43,950.63,23.34,LOW
101.2,34.4,10.9,1454.52,29.08,LOW
159.81,43.19,2.69,919.17,31.65,MEDIUM
42.75,5.0,13.86,745.66,26.55,LOW
118.37,32.57,17.45,100.84,30.31,LOW
14.48,20.93,7.01,169.71,32.05,LOW
29.65,19.65,18.46,79.01,24.85,LOW
19.72,18.44,2.0,1009.32,20.26,LOW
36.76,29.25,14.77,277.86,31.77,LOW
114.82,24.5,43.61,1377.34,23.68,MEDIUM
43.59,7.07,33.25,862.7,24.39,LOW
50.43,22.24,30.44,747.44,25.67,LOW
85.83,40.14,14.96,495.58,19.13,MEDIUM
98.31,52.29,8.03,1111.35,23.39,MEDIUM
51.64,34.87,13.19,512.11,24.29,LOW
29.46,6.56,27.44,436.14,29.98,LOW
191.75,46.12,39.29,1349.11,26.11,HIGH
51.9,29.13,39.73,998.94,26.35,LOW
56.0,28.91,36.2,751.33,26.88,MEDIUM
61.52,33.78,18.41,1119.4,19.17,LOW
105.48,24.79,28.32,853.75,27.05,MEDIUM
18.2,21.63,23.82,1010.87,26.47,MEDIUM
239.79,60.99,25.38,506.92,30.7,HIGH
54.82,35.85,54.48,1719.57,28.04,MEDIUM
107.91,26.4,5.09,606.56,20.85,LOW
23.3,17.93,24.95,1503.53,20.99,LOW
79.82,5.0,43.75,770.68,23.16,LOW
216.62,45.82,8.94,1188.98,24.2,MEDIUM
197.54,43.84,19.63,1158.37,23.83,MEDIUM
106.0,23.74,21.12,1331.68,22.26,MEDIUM
34.7,25.37,25.1,496.94,30.05,LOW
154.34,42.08,7.25,1301.77,19.62,MEDIUM
14.36,5.0,35.74,1625.5,18.35,LOW
33.64,25.75,36.66,741.35,22.39,MEDIUM
66.78,18.47,34.61,864.58,23.96,LOW
15.77,25.87,16.69,630.15,22.23,LOW
47.11,11.44,29.12,704.5,25.67,LOW
119.98,37.53,16.31,1568.8,21.41,MEDIUM
39.95,21.28,23.68,428.22,24.56,MEDIUM
123.78,41.14,56.0,454.31,29.75,MEDIUM
280.47,64.25,29.24,1526.58,21.94,CRITICAL
93.03,30.08,12.56,1112.31,27.4,MEDIUM
122.35,20.68,30.34,1740.56,20.54,MEDIUM
157.79,27.0,10.43,660.82,25.95,MEDIUM
50.64,19.68,12.41,903.04,23.14,LOW
120.42,37.18,14.47,572.52,26.4,MEDIUM
49.68,19.26,22.22,910.19,27.18,LOW
88.52,39.04,40.18,104.88,27.21,MEDIUM
132.73,36.17,35.52,1137.68,25.54,MEDIUM
36.09,13.16,34.8,985.86,21.96,MEDIUM
5.79,15.87,13.71,825.83,27.71,LOW
33.24,25.8,20.96,686.05,24.06,LOW
145.83,44.91,31.54,474.2,29.59,MEDIUM
29.75,43.42,19.83,1155.64,23.99,LOW
140.54,33.13,24.38,358.14,32.26,MEDIUM
33.38,22.53,33.74,1065.0,20.51,MEDIUM
60.04,32.29,23.47,1721.27,16.53,MEDIUM
70.23,28.98,30.94,1473.92,20.4,MEDIUM
29.62,17.23,48.71,217.85,23.59,LOW
60.55,10.65,25.77,624.57,21.76,LOW
16.79,15.07,43.33,1027.01,26.37,LOW
54.23,14.87,35.27,820.48,25.29,LOW
66.06,9.58,8.93,262.25,26.28,MEDIUM
6.19,10.24,13.67,1011.83,23.21,LOW
33.0,11.76,17.16,845.79,23.28,LOW
86.64,38.28,16.89,1654.02,26.84,LOW
26.68,28.88,26.83,743.64,23.3,LOW
96.82,23.55,35.99,1340.56,18.74,HIGH
103.41,31.68,44.32,317.82,30.12,MEDIUM
86.38,11.38,32.01,418.24,26.43,LOW
119.46,31.68,22.21,1153.1,30.34,MEDIUM
15.69,24.9,2.0,1305.17,21.44,LOW
136.69,48.94,28.92,447.9,29.69,MEDIUM
30.04,14.96,28.34,860.11,28.59,LOW
76.2,41.76,30.38,269.74,26.12,MEDIUM
211.17,35.12,55.38,773.89,23.14,HIGH
53.33,12.81,44.13,1201.51,25.97,LOW
71.53,37.25,38.21,667.32,27.84,MEDIUM
30.21,41.22,15.49,745.41,21.13,LOW
209.84,57.0,21.33,375.49,23.7,HIGH
33.06,22.85,26.77,577.69,18.28,LOW
109.59,11.39,17.92,1588.41,23.76,LOW
157.6,20.97,34.51,880.63,24.2,MEDIUM
116.71,38.1,32.64,429.03,26.55,MEDIUM
90.14,28.48,13.85,717.8,20.36,LOW
75.36,17.89,43.56,179.08,24.68,MEDIUM
23.08,22.41,29.33,424.05,25.56,LOW
203.89,51.89,5.52,1421.34,20.45,MEDIUM
85.03,41.99,27.33,790.16,25.82,MEDIUM
71.56,30.95,31.66,1644.11,23.47,MEDIUM
27.96,35.99,40.65,809.95,32.62,MEDIUM
74.11,29.95,23.61,834.89,25.18,LOW
68.31,27.66,38.76,1119.18,27.53,MEDIUM
211.17,63.49,30.43,50.0,26.12,HIGH
71.53,18.68,10.9,936.07,19.43,LOW
73.25,60.68,9.6,829.43,24.14,LOW
28.27,26.65,42.59,1474.14,17.25,MEDIUM
38.82,28.4,43.55,1255.17,23.4,LOW
100.92,39.92,32.2,373.85,24.82,MEDIUM
12.73,40.69,47.44,1371.7,16.57,LOW
136.2,48.51,41.74,739.83,31.23,MEDIUM
138.63,22.53,36.89,470.13,25.16,MEDIUM
35.48,39.12,16.15,932.78,19.56,LOW
90.37,28.71,50.51,764.84,28.43,MEDIUM
160.96,44.93,34.97,1496.16,19.94,MEDIUM
64.29,14.21,22.98,993.06,28.02,LOW
55.62,32.69,19.31,936.38,22.44,LOW
60.95,20.59,31.34,1228.27,21.74,LOW
84.89,32.68,6.28,1309.01,24.21,LOW
43.07,21.77,37.1,1179.11,25.59,MEDIUM
52.04,47.5,15.6,1446.17,24.95,MEDIUM
86.08,53.58,32.82,1105.65,23.74,MEDIUM
48.77,26.31,21.22,920.41,26.55,LOW
26.09,22.88,24.56,1370.45,25.22,LOW
11.53,15.74,18.16,811.82,25.99,LOW
72.55,41.77,25.9,863.96,24.66,MEDIUM
154.49,39.1,52.56,1573.06,17.3,HIGH
93.54,28.33,46.01,1531.21,24.03,MEDIUM
27.01,33.09,32.61,846.57,25.33,LOW
38.59,18.25,27.67,659.51,24.71,LOW
55.31,26.43,38.97,1464.53,26.5,LOW
215.48,35.08,42.69,1186.18,19.09,HIGH
222.93,61.42,17.21,982.54,29.84,HIGH
206.49,72.39,26.99,714.81,25.71,CRITICAL
77.96,38.41,4.31,989.31,25.56,MEDIUM
320.0,85.28,42.6,840.88,23.95,CRITICAL
40.19,15.12,54.85,570.98,21.1,MEDIUM
53.76,29.2,29.04,904.2,24.48,LOW
129.34,28.32,2.0,961.48,25.74,MEDIUM
86.4,29.32,35.92,692.33,28.05,MEDIUM
89.88,40.88,16.25,1229.61,22.83,MEDIUM
31.19,24.11,19.38,1391.31,15.72,LOW
67.94,13.33,36.15,1257.36,18.41,MEDIUM
40.68,10.04,31.31,733.98,32.26,LOW
21.58,6.26,21.65,1167.45,20.25,MEDIUM
44.69,30.56,19.56,882.74,29.59,LOW
86.42,54.53,29.64,330.99,24.52,HIGH
115.57,51.48,22.68,1132.55,23.32,MEDIUM
11.07,5.0,13.58,911.38,26.9,LOW
70.3,44.88,23.68,1939.29,17.65,MEDIUM
65.7,38.81,32.41,1462.05,27.52,LOW
83.3,14.33,25.68,1148.68,24.07,MEDIUM
27.47,19.06,9.62,954.65,26.18,LOW
27.97,34.53,40.86,918.76,24.01,MEDIUM
157.19,49.2,2.0,428.45,29.18,MEDIUM
35.88,9.34,22.2,119.63,33.51,LOW
51.77,33.0,19.94,483.53,26.4,LOW
55.95,5.0,29.93,829.96,30.8,LOW
41.31,22.16,35.3,50.0,26.82,LOW
98.81,46.33,42.65,621.38,28.65,HIGH
93.15,33.11,18.74,746.0,27.21,MEDIUM
63.55,22.68,35.63,759.52,22.16,LOW
43.29,34.71,30.55,572.08,27.11,LOW
59.86,38.3,5.75,706.56,25.84,LOW
74.63,44.35,52.71,1574.04,19.19,MEDIUM
38.62,33.8,9.3,1128.1,25.07,LOW
103.86,46.51,33.45,614.67,26.7,MEDIUM
135.54,47.75,33.07,821.29,25.07,MEDIUM
174.69,48.87,31.58,838.11,25.01,MEDIUM
167.88,45.84,21.57,527.46,26.34,MEDIUM
55.68,24.3,38.75,526.97,25.45,LOW
77.31,17.03,7.72,1274.42,23.71,LOW
62.65,17.52,27.14,673.69,23.91,LOW
62.48,24.89,20.67,390.23,35.75,LOW
59.54,30.18,19.2,831.88,20.75,LOW
71.25,45.25,33.57,899.56,23.08,LOW
150.26,41.58,42.01,50.0,27.16,HIGH
88.25,43.16,23.54,832.89,31.78,MEDIUM
26.39,34.09,38.15,1214.55,19.31,MEDIUM
131.81,36.54,28.65,1039.52,25.69,MEDIUM
82.5,37.74,16.39,1786.51,21.76,LOW
99.59,31.25,24.65,1375.47,23.88,LOW
87.04,46.47,24.11,1458.55,26.39,MEDIUM
89.84,39.37,18.94,2026.04,23.77,LOW
92.73,19.74,33.57,1168.43,22.3,MEDIUM
13.81,21.99,31.05,918.49,25.49,LOW
98.73,51.93,7.32,1258.97,17.37,MEDIUM
40.01,22.41,6.53,615.12,26.55,LOW
48.65,30.71,33.52,895.23,22.43,MEDIUM
70.83,35.34,17.4,577.95,25.8,LOW
192.35,37.37,31.93,1017.15,19.03,HIGH
30.58,28.51,38.15,576.2,27.7,MEDIUM
69.1,13.72,11.48,561.49,21.04,LOW
58.46,20.47,9.65,1023.66,24.87,MEDIUM
130.56,50.72,49.77,792.16,21.51,HIGH
57.24,31.08,32.57,50.0,26.06,LOW
83.16,27.96,22.55,238.67,31.62,LOW
30.66,27.82,15.86,368.15,29.22,LOW
145.13,40.56,21.36,479.15,30.52,MEDIUM
19.87,21.32,12.52,1024.06,29.38,LOW
97.81,40.88,39.48,941.95,22.29,MEDIUM
83.53,23.36,17.9,1297.42,27.96,LOW
92.2,33.2,42.22,1166.18,19.06,MEDIUM
20.15,17.79,22.79,1300.2,25.54,LOW
56.35,9.57,14.44,1105.53,22.45,LOW
126.41,28.1,22.46,938.07,21.8,MEDIUM
210.83,68.98,2.0,1311.73,25.06,HIGH
65.39,32.69,26.43,1236.15,26.46,MEDIUM
118.66,22.43,25.79,1007.96,27.39,MEDIUM
77.94,13.53,38.72,1383.85,23.46,MEDIUM
67.9,27.63,3.48,50.0,29.2,LOW
51.52,43.42,43.1,728.01,27.41,MEDIUM
71.09,27.32,38.67,721.57,26.72,LOW
111.72,50.25,44.28,1334.13,24.73,MEDIUM
117.89,40.73,27.31,1509.99,22.86,LOW
24.2,27.06,41.18,240.92,30.61,LOW
47.98,10.98,8.87,1442.69,17.3,MEDIUM
29.33,33.01,37.27,357.99,26.97,LOW
73.68,26.1,17.97,370.69,22.9,MEDIUM
54.84,36.27,6.53,751.6,26.5,MEDIUM
90.08,23.46,13.39,716.35,31.03,LOW
94.41,35.05,28.07,195.46,26.6,LOW
7.27,23.04,17.28,1122.95,24.35,LOW
70.69,27.62,32.89,1135.35,26.31,MEDIUM
152.18,46.8,4.49,1292.7,16.57,MEDIUM
48.0,22.75,2.0,667.95,24.32,LOW
46.9,18.36,45.84,833.38,26.42,MEDIUM
135.44,57.33,39.75,837.22,15.96,HIGH
121.52,48.98,14.36,1558.96,18.86,LOW
32.01,14.75,27.96,50.0,32.3,LOW
113.73,42.45,41.25,448.08,30.19,MEDIUM
38.26,15.95,33.45,852.33,26.36,LOW
46.52,12.41,29.93,394.06,30.05,MEDIUM
31.99,34.49,42.24,741.51,26.35,HIGH
24.02,5.0,18.5,797.05,27.19,LOW
76.78,40.48,28.41,573.77,25.41,MEDIUM
20.76,18.54,27.77,877.08,25.42,LOW
79.0,28.31,24.45,1113.82,21.96,LOW
77.26,34.87,22.93,750.77,29.66,LOW
63.25,34.51,28.95,659.66,30.9,LOW
49.78,16.87,28.45,780.38,29.9,LOW
42.46,32.69,14.37,846.88,23.88,LOW
28.57,23.82,38.42,119.07,25.41,LOW
175.52,32.27,15.31,1043.85,28.39,HIGH
61.19,25.92,25.16,660.58,27.77,LOW
59.68,42.74,24.16,1379.84,23.84,LOW
33.31,41.77,32.66,1098.24,22.03,MEDIUM
163.82,52.1,2.0,1341.43,24.33,LOW
44.63,12.05,39.58,425.38,23.61,LOW
84.36,36.89,19.2,694.02,27.91,MEDIUM
95.85,42.69,43.86,328.17,31.94,MEDIUM
76.82,38.27,21.78,553.82,31.73,MEDIUM
20.29,29.88,27.37,1375.88,25.08,LOW
110.54,39.68,52.88,1474.75,17.94,MEDIUM
44.27,24.29,24.39,367.78,27.98,LOW
120.73,30.62,44.11,657.52,32.89,MEDIUM
67.51,7.92,28.51,818.0,22.54,MEDIUM
99.83,37.71,33.4,1095.95,23.88,MEDIUM
156.92,45.15,28.91,110.88,33.02,HIGH
107.83,41.39,39.02,176.74,30.18,MEDIUM
101.48,19.52,19.09,1055.64,32.19,MEDIUM
113.89,43.32,15.21,50.0,26.43,LOW
37.16,46.55,19.7,662.35,22.85,LOW
124.11,38.72,29.3,918.08,28.79,MEDIUM
57.74,26.56,25.13,1024.58,20.56,LOW
59.17,30.87,37.23,790.48,24.81,MEDIUM
75.11,52.37,44.96,696.38,25.66,MEDIUM
53.78,15.34,15.31,1204.72,26.89,LOW
30.99,25.19,18.46,969.79,26.6,LOW
71.09,20.58,9.33,578.25,27.86,LOW
59.38,21.48,54.39,865.84,23.82,MEDIUM
57.81,26.7,31.96,1010.93,28.34,LOW
65.94,43.37,34.24,1571.66,34.81,MEDIUM
8.26,39.13,10.58,1180.26,25.9,LOW
58.13,32.23,27.98,1360.11,23.2,MEDIUM
169.57,40.99,34.62,593.54,22.18,MEDIUM
161.06,71.19,24.71,629.84,24.13,HIGH
72.88,24.96,41.98,751.14,24.94,MEDIUM
71.13,23.1,58.05,789.7,23.74,MEDIUM
5.8,5.0,15.69,426.63,27.03,LOW
46.31,40.77,14.71,1381.69,28.47,LOW
113.13,46.75,16.59,1221.01,27.5,MEDIUM
52.8,53.04,48.88,721.62,25.24,MEDIUM
138.99,24.95,41.55,1119.52,20.1,HIGH
133.57,55.41,26.24,943.62,29.03,MEDIUM
45.59,26.07,28.48,1152.33,23.66,MEDIUM
76.83,39.16,17.38,285.39,22.19,MEDIUM
178.18,28.38,39.57,788.82,27.73,HIGH
19.85,37.33,23.06,825.62,28.57,MEDIUM
53.7,35.24,24.62,1111.93,16.23,MEDIUM
17.93,20.44,35.91,586.06,23.72,LOW
34.97,30.69,25.56,50.0,28.42,LOW
211.62,43.44,24.95,395.69,29.57,HIGH
53.68,20.22,28.14,824.36,23.64,MEDIUM
10.83,14.63,38.34,876.83,22.39,MEDIUM
30.72,5.0,49.4,1557.17,24.32,MEDIUM
16.07,30.05,35.61,1094.75,22.57,MEDIUM
78.93,43.74,38.44,884.24,26.76,MEDIUM
94.89,25.47,25.4,836.4,21.68,MEDIUM
125.2,41.86,18.8,1313.76,18.76,MEDIUM
109.12,32.54,36.5,602.15,28.71,MEDIUM
20.78,24.94,30.23,791.08,26.25,LOW
91.64,25.76,9.51,392.51,30.19,LOW
63.86,18.5,23.74,1445.94,20.79,LOW
137.15,51.52,26.92,1014.85,21.89,MEDIUM
117.44,36.09,21.36,552.84,30.87,MEDIUM
229.16,76.91,47.26,801.93,20.52,CRITICAL
32.88,23.77,34.24,1064.05,28.22,LOW
28.95,12.45,45.85,744.7,29.87,LOW
48.57,39.27,31.42,625.52,28.94,MEDIUM
65.75,35.46,29.06,575.21,24.21,MEDIUM
41.37,32.62,15.82,992.36,21.92,MEDIUM
34.37,36.6,28.16,699.62,25.18,MEDIUM
87.53,24.82,28.17,659.42,21.89,MEDIUM
48.45,24.35,10.23,288.85,24.62,LOW
39.96,22.51,20.99,882.61,27.09,LOW
20.75,7.12,23.8,773.89,27.6,LOW
6.51,16.14,33.38,714.91,22.42,LOW
164.35,59.0,34.0,933.48,26.96,MEDIUM
161.25,46.41,20.44,1164.16,25.22,MEDIUM
119.81,22.36,34.1,1144.66,28.68,MEDIUM
101.76,17.17,25.63,1082.15,25.95,MEDIUM
45.01,43.51,2.0,748.92,29.02,LOW
104.58,33.74,21.7,611.86,27.77,LOW
27.15,15.22,42.03,411.56,30.28,LOW
75.52,27.07,6.14,600.87,22.18,LOW
37.23,7.71,29.46,858.25,24.75,LOW
104.87,50.43,48.61,519.76,26.54,MEDIUM
185.86,43.41,18.11,890.34,24.21,HIGH
30.61,37.94,28.03,444.51,28.42,LOW
46.78,26.05,11.05,152.38,30.34,LOW
74.52,45.65,49.15,1194.15,24.88,HIGH
12.39,22.81,26.92,650.75,25.51,MEDIUM
16.87,30.08,28.61,498.45,24.4,LOW
182.42,55.1,45.61,390.58,30.75,HIGH
87.79,38.9,36.6,1027.68,25.49,HIGH
43.05,28.72,16.62,1427.46,19.32,LOW
68.95,26.47,19.59,680.71,25.32,LOW
48.73,46.87,34.43,759.46,20.0,MEDIUM
76.11,20.2,19.89,1300.09,23.26,LOW
50.16,26.07,2.0,89.61,27.96,LOW
65.1,28.58,27.31,1676.08,19.62,MEDIUM
111.16,40.21,8.76,1876.52,25.63,MEDIUM
106.43,30.3,49.01,50.0,25.08,MEDIUM
175.92,49.61,30.3,809.05,27.62,MEDIUM
92.12,30.88,16.23,548.04,33.53,LOW
72.15,12.14,18.92,738.8,29.12,LOW
192.67,48.93,3.44,674.28,25.86,MEDIUM
60.21,15.53,13.71,1190.94,20.01,MEDIUM
7.38,5.0,41.21,802.72,21.03,LOW
120.79,38.83,57.01,467.42,25.58,HIGH
84.75,36.93,37.44,777.68,23.3,MEDIUM
69.73,34.95,26.8,1066.21,21.9,LOW
122.91,43.9,22.38,352.84,26.37,MEDIUM
50.49,5.0,15.57,158.58,27.96,MEDIUM
7.87,5.0,54.78,1686.95,22.96,MEDIUM
124.51,59.63,25.55,580.18,22.43,MEDIUM
41.84,13.17,55.5,792.31,23.25,MEDIUM
31.69,29.79,46.12,682.93,25.42,MEDIUM
8.42,11.79,5.37,1080.2,23.51,LOW
117.71,37.71,19.34,1594.57,27.7,MEDIUM
4.36,11.73,19.3,1093.57,24.82,LOW
156.13,49.16,26.96,212.29,22.88,MEDIUM
54.38,28.2,27.22,268.67,29.13,LOW
121.44,32.5,65.0,682.43,27.68,HIGH
94.04,21.49,14.0,737.34,25.28,LOW
215.35,55.4,30.98,126.78,24.55,MEDIUM
92.3,19.43,36.01,1194.12,29.25,MEDIUM
152.42,47.09,27.98,393.75,23.8,MEDIUM
45.62,54.19,29.43,1477.19,24.47,MEDIUM
16.8,35.54,14.42,1614.67,22.37,MEDIUM
133.95,47.33,29.38,745.73,27.57,MEDIUM
16.29,19.66,34.65,1034.37,29.81,MEDIUM
116.85,15.37,32.26,332.58,29.3,MEDIUM
28.49,8.01,35.41,1111.94,22.21,MEDIUM
85.9,45.85,46.36,640.76,29.66,MEDIUM
217.9,44.18,40.18,393.36,25.21,HIGH
110.87,28.05,28.93,728.48,26.25,MEDIUM
60.4,25.84,12.77,654.39,21.92,MEDIUM
95.54,21.6,20.2,713.43,22.48,LOW
46.95,12.02,25.14,1248.87,23.54,MEDIUM
271.13,60.83,31.28,520.17,27.84,HIGH
39.3,14.48,21.78,1578.71,16.45,MEDIUM
65.42,20.32,15.84,293.47,29.27,LOW
104.31,26.1,12.55,1528.48,19.5,MEDIUM
90.86,38.28,6.53,423.07,31.19,MEDIUM
97.99,31.13,24.95,849.57,24.05,MEDIUM
47.73,23.67,8.89,644.12,22.51,LOW
58.55,33.93,14.99,705.63,26.07,LOW
129.93,37.23,22.88,1186.57,20.73,MEDIUM
125.76,35.06,10.63,1479.93,26.4,MEDIUM
92.36,37.95,32.94,1350.02,22.93,LOW
164.69,51.7,37.62,679.96,25.45,HIGH
133.33,37.71,20.86,927.39,26.72,MEDIUM
123.27,38.61,22.32,521.53,23.44,MEDIUM
15.97,11.96,34.99,433.55,22.92,LOW
91.59,23.19,18.72,368.55,28.65,MEDIUM
80.54,39.35,17.82,666.22,22.48,LOW
178.24,51.41,43.55,954.83,21.18,HIGH
62.72,33.04,39.49,50.0,31.45,MEDIUM
75.94,33.24,35.82,830.53,26.94,MEDIUM
28.15,23.01,40.03,1486.73,18.3,MEDIUM
33.22,30.98,2.3,1321.2,21.07,LOW
178.61,56.86,45.6,604.22,23.39,MEDIUM
97.74,43.66,33.1,263.31,33.5,MEDIUM
218.21,51.8,41.14,1043.13,27.21,HIGH
61.87,43.16,33.03,50.0,27.43,LOW
20.03,23.72,28.64,1316.26,24.92,LOW
55.41,33.82,24.42,760.29,21.24,MEDIUM
48.35,28.84,32.77,1619.15,19.56,LOW
113.46,38.87,23.95,124.67,28.77,HIGH
110.44,27.58,39.28,1235.62,24.89,MEDIUM
101.05,41.88,7.38,807.79,25.05,MEDIUM
261.09,91.07,20.96,710.96,26.59,HIGH
158.6,39.25,54.58,274.67,28.01,HIGH
35.25,24.42,19.86,1100.21,23.53,LOW
136.19,34.88,24.9,1133.98,22.95,MEDIUM
72.4,24.22,16.53,1599.75,20.44,MEDIUM
60.61,44.69,32.37,1273.38,24.01,MEDIUM
171.38,38.02,18.43,600.56,27.61,MEDIUM
33.36,18.12,25.59,428.38,27.71,LOW
130.31,21.39,39.04,275.23,23.99,HIGH
117.1,28.4,18.92,1468.75,19.19,MEDIUM
32.81,5.0,38.25,523.17,27.92,LOW
15.4,27.41,38.69,1471.7,27.09,MEDIUM
66.69,59.47,41.71,1070.53,24.67,MEDIUM
146.49,37.4,29.83,988.56,23.23,HIGH
91.35,14.28,65.0,721.12,26.47,MEDIUM
174.91,55.89,41.71,1127.48,20.29,HIGH
87.08,23.94,32.22,843.5,29.39,MEDIUM
182.38,61.47,16.61,694.93,26.47,HIGH
44.38,22.0,26.74,1142.32,21.72,LOW
100.84,27.18,46.54,789.53,24.91,HIGH
52.33,24.41,50.22,514.7,25.0,MEDIUM
65.17,36.76,47.22,1101.93,28.24,MEDIUM
75.75,27.62,38.21,823.13,24.65,LOW
91.15,27.12,11.68,1055.34,24.75,MEDIUM
39.57,22.14,34.33,659.38,27.87,LOW
97.58,19.62,11.86,342.17,25.09,MEDIUM
73.04,34.05,8.66,1578.73,22.52,MEDIUM
21.16,5.0,31.11,1499.58,23.13,LOW
13.05,15.2,34.8,1221.19,18.53,MEDIUM
146.84,49.85,39.74,687.12,26.72,LOW
62.81,31.38,34.46,723.87,25.6,MEDIUM
18.99,27.53,34.91,1430.58,22.98,MEDIUM
201.47,49.52,15.2,701.39,25.96,HIGH
104.38,47.57,26.64,584.33,27.2,MEDIUM
89.48,42.49,8.41,1636.34,25.92,MEDIUM
36.66,28.77,2.0,829.98,21.49,LOW
20.86,31.54,37.63,1592.74,20.74,MEDIUM
80.62,39.15,18.21,262.68,29.95,LOW
69.76,24.33,39.34,1067.64,25.73,MEDIUM
28.57,7.79,42.41,1719.85,22.73,MEDIUM
27.67,27.05,19.95,862.5,33.93,LOW
26.41,28.23,35.67,739.12,27.64,MEDIUM
25.58,34.09,19.4,359.54,31.0,LOW
43.2,14.61,4.0,1304.58,22.15,LOW
89.5,22.35,29.6,526.55,23.45,LOW
100.1,39.08,21.88,810.18,24.35,MEDIUM
68.72,28.21,22.28,331.51,29.79,LOW
78.03,9.74,53.68,1503.9,23.53,LOW
103.37,38.66,8.16,1335.05,24.28,MEDIUM
9.56,5.0,32.98,836.73,24.55,LOW
82.42,20.79,15.07,365.26,26.16,LOW
163.18,58.98,39.81,1495.08,21.7,HIGH
61.6,47.93,31.88,696.31,28.18,MEDIUM
142.98,27.51,32.93,385.81,29.95,MEDIUM
62.45,24.37,15.72,109.91,25.29,LOW
108.05,35.76,18.05,578.69,28.84,MEDIUM
88.24,51.71,40.05,239.05,25.84,MEDIUM
26.02,16.74,51.02,588.42,27.85,MEDIUM
31.87,17.85,34.24,1162.65,23.15,MEDIUM
182.38,64.22,16.33,692.33,30.9,HIGH
124.09,33.73,32.41,999.39,23.16,LOW
65.62,36.44,59.56,546.2,27.11,LOW
59.34,11.25,29.33,877.37,26.99,LOW
36.87,22.02,47.0,1656.78,18.75,MEDIUM
93.51,14.71,18.38,703.64,25.6,MEDIUM
39.58,12.72,27.45,1011.46,23.6,LOW
53.6,35.81,36.05,192.48,26.49,MEDIUM
43.06,24.34,33.17,1488.44,20.89,LOW
119.0,33.53,18.04,649.57,29.64,MEDIUM
63.63,19.94,17.48,1291.22,21.27,LOW
78.45,28.12,40.85,798.26,27.22,MEDIUM
26.5,25.55,43.49,1106.86,25.03,LOW
42.82,35.66,47.66,1131.83,19.44,MEDIUM
79.68,5.0,51.45,659.98,27.69,LOW
16.32,11.46,29.75,1308.6,18.59,LOW
60.12,29.37,23.95,531.23,28.62,MEDIUM
70.26,28.15,45.56,1176.73,22.08,MEDIUM
23.51,26.2,37.27,686.11,25.94,LOW
138.87,43.16,15.23,996.81,20.37,MEDIUM
90.44,29.12,14.56,655.96,26.44,LOW
63.28,22.33,34.4,870.99,28.05,LOW
40.33,21.75,25.7,398.63,24.62,LOW
15.67,33.14,27.66,953.97,22.76,LOW
132.0,31.07,41.94,868.56,26.55,MEDIUM
49.81,25.28,37.87,623.14,27.73,MEDIUM
20.02,23.22,45.29,826.89,17.49,MEDIUM
39.4,41.47,2.89,906.28,31.37,LOW
97.12,30.24,31.29,591.13,28.03,LOW
84.06,42.0,37.03,795.92,27.65,MEDIUM
28.69,36.14,8.15,427.67,26.62,LOW
147.49,40.9,19.49,1835.21,14.8,MEDIUM
19.76,18.84,17.07,1294.83,25.33,LOW
167.39,41.16,28.28,964.7,22.85,MEDIUM
81.56,28.24,49.16,1342.29,24.7,HIGH
52.81,35.85,54.29,50.0,28.07,LOW
58.62,29.92,17.41,50.0,29.54,LOW
75.09,32.6,34.85,682.3,23.45,LOW
102.3,21.99,35.26,271.0,30.55,MEDIUM
12.89,9.42,33.04,750.63,21.82,LOW
38.33,47.71,33.19,936.38,31.97,MEDIUM
73.38,27.78,31.95,1236.57,30.6,MEDIUM
151.14,33.66,49.94,371.93,32.55,MEDIUM
147.43,57.33,42.33,1017.84,28.5,HIGH
189.69,51.45,14.22,856.04,24.88,MEDIUM
142.9,47.22,38.34,995.95,28.25,MEDIUM
35.95,22.23,39.6,631.7,25.85,LOW
70.05,25.7,32.09,1430.92,17.59,MEDIUM
143.45,39.09,42.71,806.53,30.18,HIGH
134.46,24.3,30.44,1595.16,25.43,MEDIUM
60.87,26.77,30.61,518.04,26.57,LOW
100.39,37.32,29.58,1161.99,19.85,LOW
49.6,46.29,2.0,824.94,23.41,LOW
18.25,21.87,26.95,712.35,19.97,LOW
64.92,5.0,19.31,1115.57,27.0,LOW
62.06,26.9,12.58,724.35,20.61,MEDIUM
47.75,55.77,46.64,50.0,29.69,MEDIUM
102.58,43.94,34.55,50.0,26.08,MEDIUM
59.35,18.58,27.61,1384.42,18.2,LOW
93.07,39.39,20.66,1366.71,23.61,MEDIUM
117.56,28.65,31.85,1642.68,20.54,MEDIUM
281.04,48.07,40.89,842.64,27.89,HIGH
65.74,24.69,17.25,307.09,23.56,LOW
152.51,43.41,27.94,673.77,23.54,MEDIUM
83.21,10.72,39.28,854.8,17.51,MEDIUM
86.6,19.22,2.83,427.04,20.09,LOW
66.4,28.74,27.25,1542.4,27.81,MEDIUM
78.18,26.02,22.42,1790.59,27.61,LOW
59.77,31.91,26.26,1050.88,24.57,MEDIUM
135.63,26.34,21.48,845.44,22.56,MEDIUM
39.52,32.18,29.79,306.11,26.67,LOW
18.07,7.87,53.01,1499.5,25.05,MEDIUM
46.51,43.51,23.79,882.05,23.38,MEDIUM
42.64,5.95,31.79,728.55,26.48,LOW
46.5,13.42,53.93,1052.09,24.22,MEDIUM
63.84,32.81,20.85,604.0,24.46,LOW
46.63,43.77,51.59,911.69,23.21,MEDIUM
63.17,31.57,28.07,244.16,28.84,MEDIUM
46.75,31.67,51.16,1306.58,19.99,MEDIUM
94.43,33.3,37.75,806.15,26.82,MEDIUM
279.44,51.42,31.99,1336.7,21.48,HIGH
82.04,25.73,27.15,765.52,25.96,MEDIUM
48.28,12.39,19.89,792.8,29.86,LOW
5.75,5.0,28.99,340.83,26.93,LOW
222.69,58.05,39.67,1169.1,26.68,HIGH
85.3,19.29,27.83,482.15,21.1,LOW
62.76,31.56,23.88,645.7,24.59,LOW
6.24,5.0,24.74,850.44,25.26,LOW
65.22,31.7,40.9,900.91,31.1,MEDIUM
77.71,25.06,43.93,133.44,22.13,MEDIUM
46.88,40.97,19.33,753.06,25.3,LOW
21.67,25.03,19.31,1184.0,28.33,LOW
20.3,34.84,32.93,691.1,23.38,LOW
224.93,45.68,47.86,755.61,24.92,HIGH
76.12,30.8,42.9,918.21,25.93,LOW
46.85,14.7,11.73,797.1,26.0,LOW
72.9,25.11,24.57,417.18,32.13,MEDIUM
69.34,26.21,15.9,834.73,26.68,LOW
19.32,13.11,24.52,1267.51,27.55,LOW
129.8,25.4,48.86,408.51,26.01,MEDIUM
61.54,12.3,9.51,692.72,23.51,LOW
76.87,5.0,6.95,269.71,27.06,LOW
178.61,34.96,17.23,1245.38,19.69,MEDIUM
22.3,28.47,31.74,811.21,26.9,MEDIUM
37.84,6.47,36.07,492.92,25.55,MEDIUM
88.51,17.11,33.69,888.75,22.85,MEDIUM
128.12,58.2,43.28,344.49,29.05,MEDIUM
43.41,17.94,5.08,415.93,23.47,LOW
45.43,28.8,43.45,236.74,30.4,LOW
108.84,42.48,23.94,401.95,25.66,LOW
265.81,67.82,37.51,1420.08,26.32,CRITICAL
74.65,13.2,10.8,542.09,25.3,LOW
37.74,21.5,28.06,1045.81,26.32,LOW
28.99,5.0,31.07,498.75,27.33,LOW
63.7,55.1,43.02,1169.0,26.12,MEDIUM
124.25,20.34,7.39,419.05,27.47,LOW
320.0,57.67,28.4,866.48,19.78,CRITICAL
55.98,15.51,13.89,872.2,28.3,LOW
74.74,13.49,34.57,1827.68,20.49,MEDIUM
201.5,65.12,38.1,1114.78,26.51,HIGH
87.49,58.65,44.73,600.98,28.5,MEDIUM
82.44,25.96,21.04,1137.72,21.41,MEDIUM
177.16,31.82,40.05,1748.03,18.21,HIGH
76.0,5.55,45.69,165.55,30.35,MEDIUM
31.15,20.3,6.64,496.16,25.8,LOW
154.38,39.22,35.96,750.5,28.62,MEDIUM
16.23,13.43,40.46,674.82,25.39,LOW
137.8,42.48,24.64,710.24,29.08,MEDIUM
70.52,33.63,12.26,302.22,28.99,MEDIUM
56.44,30.58,40.26,1439.66,23.44,MEDIUM
55.33,23.38,12.41,252.5,26.67,MEDIUM
63.52,16.05,25.68,765.91,26.3,LOW
50.33,33.38,27.48,1289.25,27.02,MEDIUM
96.47,33.57,37.3,837.32,25.06,MEDIUM
51.72,36.05,19.85,438.65,28.73,MEDIUM
70.9,38.04,19.1,283.56,27.87,LOW
9.88,5.0,29.29,753.4,26.01,LOW
70.56,13.51,41.08,532.05,32.12,MEDIUM
49.54,17.62,57.74,936.2,28.63,MEDIUM
131.21,27.37,8.4,261.39,28.08,LOW
58.24,35.63,32.1,1191.48,24.32,MEDIUM
118.83,40.88,13.88,898.53,22.71,MEDIUM
109.94,47.68,41.24,929.73,24.26,MEDIUM
111.98,40.28,15.8,1455.25,23.44,MEDIUM
59.81,29.87,19.23,666.13,28.72,LOW
73.96,43.03,20.34,545.16,28.94,MEDIUM
94.71,38.32,27.01,619.94,22.66,MEDIUM
75.6,30.84,32.2,769.14,28.67,MEDIUM
58.33,43.62,34.29,811.79,25.06,LOW
33.69,24.66,27.93,501.11,23.59,LOW
71.51,26.09,10.71,50.0,33.05,LOW
18.13,11.69,37.46,614.41,30.92,LOW
9.02,27.18,27.31,1001.13,25.34,LOW
27.27,35.97,43.1,907.23,27.19,MEDIUM
111.11,35.22,18.8,1353.81,25.36,MEDIUM
83.63,45.77,7.17,1671.3,25.95,LOW
111.86,14.23,27.56,1168.92,26.07,MEDIUM
40.73,23.91,44.85,1430.66,18.31,MEDIUM
140.09,39.97,30.09,1172.05,30.16,MEDIUM
20.32,13.25,25.4,1568.16,25.35,LOW
28.21,48.74,16.69,1627.36,20.05,MEDIUM
138.49,39.43,50.85,1249.49,20.08,HIGH
79.41,26.22,14.62,1146.68,25.46,MEDIUM
112.31,36.26,18.57,763.8,24.67,LOW
83.88,9.39,35.41,832.64,26.31,MEDIUM
45.58,16.93,3.87,708.11,28.19,LOW
25.24,32.85,44.57,1110.93,22.19,HIGH
12.06,13.01,36.11,547.45,22.96,LOW
212.39,42.87,39.69,769.74,26.77,MEDIUM
15.57,34.9,35.26,50.0,27.07,LOW
173.35,60.48,25.91,1573.7,22.39,HIGH
76.33,35.9,14.18,757.4,21.29,MEDIUM
85.7,26.71,26.18,1041.34,23.51,MEDIUM
81.81,28.46,15.32,1462.27,24.71,LOW
103.01,25.64,34.32,976.12,26.55,MEDIUM
37.55,13.06,38.49,1456.62,19.92,MEDIUM
7.55,7.72,47.2,328.47,23.78,LOW
44.82,18.37,32.83,1856.9,20.69,LOW
97.15,22.16,40.02,1306.59,24.92,MEDIUM
28.46,5.35,24.14,937.87,26.08,LOW
142.36,43.19,21.78,1448.53,20.84,HIGH
64.39,30.88,34.16,359.17,28.34,LOW
26.12,40.89,22.98,728.78,30.53,LOW
78.86,23.27,31.5,1456.59,23.1,MEDIUM
96.03,36.62,14.2,65.83,23.48,LOW
100.83,37.57,16.54,1085.39,24.77,MEDIUM
138.59,37.38,36.26,1073.51,30.71,MEDIUM
18.79,29.19,39.53,1677.07,17.33,MEDIUM
138.72,48.72,15.19,185.16,28.26,MEDIUM
147.18,45.15,36.72,1526.05,21.41,MEDIUM
25.29,19.23,21.07,615.02,26.54,LOW
30.14,18.89,28.21,662.26,26.64,LOW
116.16,21.54,46.42,336.76,31.13,MEDIUM
51.98,17.45,38.5,393.1,27.5,MEDIUM
161.51,37.0,38.35,1019.48,28.5,HIGH
191.07,36.21,52.81,382.82,26.9,HIGH
26.09,27.01,18.85,1160.92,22.66,LOW
36.92,37.07,15.18,571.55,24.29,LOW
75.97,20.17,18.61,340.53,21.65,MEDIUM
7.27,22.28,24.69,628.32,27.06,LOW
12.47,8.62,2.0,991.42,31.11,LOW
33.43,19.99,25.3,733.51,27.17,LOW
233.79,47.81,20.92,864.37,27.31,HIGH
84.45,38.13,38.19,1142.41,22.54,MEDIUM
42.11,17.27,32.58,1304.62,22.35,MEDIUM
29.93,33.92,20.19,719.76,28.91,LOW
25.02,19.3,35.67,411.43,33.58,LOW
44.65,18.0,37.4,881.96,29.79,MEDIUM
42.61,11.03,18.01,1047.67,26.86,LOW
59.37,30.28,21.59,236.5,28.05,LOW
99.22,43.72,2.0,475.94,27.53,MEDIUM
66.43,31.64,13.82,547.94,24.12,LOW
120.85,61.96,18.35,762.71,20.93,MEDIUM
56.17,42.72,28.96,530.37,23.01,MEDIUM
200.51,46.7,15.71,1146.96,24.0,HIGH
118.88,33.52,21.33,175.84,27.27,MEDIUM
82.82,36.42,12.07,186.52,23.46,LOW
99.45,24.69,30.22,709.77,25.69,LOW
45.63,38.13,33.53,776.23,24.49,MEDIUM
58.64,31.36,33.23,239.05,24.17,MEDIUM
56.92,29.93,28.16,595.17,25.14,LOW
38.09,31.65,7.97,681.56,24.91,LOW
21.16,40.34,19.94,684.81,23.95,LOW
103.18,36.39,22.71,913.79,27.85,LOW
133.77,38.16,22.76,572.14,20.34,MEDIUM
93.29,49.52,28.97,1470.69,16.03,MEDIUM
66.29,39.25,46.53,1055.05,24.26,MEDIUM
259.17,55.94,38.56,511.01,27.01,HIGH
41.67,24.72,15.16,889.69,26.29,LOW
84.83,33.72,36.82,902.09,23.22,MEDIUM
146.64,45.44,36.32,1360.18,19.94,HIGH
27.48,7.47,17.52,597.84,26.29,LOW
108.63,18.41,39.04,1172.28,22.31,MEDIUM
208.99,41.68,25.92,867.58,30.06,HIGH
70.41,18.65,9.67,1476.46,21.32,LOW
79.53,23.64,33.92,1392.17,22.57,MEDIUM
41.88,31.68,30.82,932.73,32.72,LOW
98.67,31.93,25.04,739.84,25.05,LOW
37.32,26.13,27.51,1062.77,26.0,MEDIUM
67.37,15.31,18.65,774.21,27.58,LOW
18.67,15.91,35.93,1555.73,24.34,MEDIUM
3.46,25.01,27.44,882.96,25.95,LOW
48.89,32.37,30.16,679.63,26.56,MEDIUM
48.27,17.75,32.64,656.96,26.36,LOW
52.26,28.14,12.99,340.53,25.62,LOW
116.48,60.82,16.37,1083.75,25.16,MEDIUM
136.27,39.61,2.0,505.6,33.22,LOW
87.35,24.35,35.34,1311.22,26.97,LOW
111.02,33.85,12.24,306.97,28.59,MEDIUM
38.22,25.13,29.72,903.44,27.67,MEDIUM
30.82,21.27,32.82,1333.09,20.22,MEDIUM
100.05,33.66,35.83,50.0,27.94,MEDIUM
27.15,6.47,12.35,1697.67,24.39,MEDIUM
24.46,11.32,27.15,671.38,30.74,LOW
320.0,67.56,49.71,909.26,22.44,CRITICAL
73.76,27.98,50.29,1090.01,22.55,MEDIUM
48.3,19.5,40.84,1154.97,30.78,LOW
44.02,23.1,32.39,965.03,24.97,LOW
19.21,21.74,14.93,1268.9,29.12,LOW
86.06,41.55,37.34,1068.01,24.86,MEDIUM
56.07,25.88,25.95,1589.57,22.63,LOW
133.72,43.79,35.29,1069.38,23.21,MEDIUM
102.21,28.4,19.77,1675.15,24.48,MEDIUM
54.61,33.03,25.75,1228.45,27.82,MEDIUM
9.83,23.71,30.13,91.58,25.28,LOW
73.91,39.35,31.2,1946.66,19.11,MEDIUM
69.16,36.91,34.42,608.78,29.19,LOW
7.55,25.68,20.47,1478.13,21.93,LOW
94.25,32.0,10.54,861.25,23.55,MEDIUM
26.31,24.9,49.12,1295.66,26.4,MEDIUM
138.36,51.84,60.36,560.84,30.01,HIGH
66.1,21.4,33.82,1112.81,22.55,LOW
43.02,17.97,10.79,743.66,26.33,LOW
81.55,33.04,17.95,1513.18,18.32,LOW
78.0,35.05,34.62,1034.24,21.48,MEDIUM
75.96,21.09,45.43,1243.1,23.8,MEDIUM
126.43,37.41,12.23,50.0,28.88,LOW
85.11,30.58,26.38,814.06,22.24,MEDIUM
39.95,5.0,30.55,1022.43,22.11,MEDIUM
57.38,24.77,39.24,943.92,21.34,MEDIUM
171.35,43.69,23.53,1253.69,24.81,MEDIUM
37.04,22.16,7.67,696.32,19.57,LOW
93.2,48.49,36.08,870.49,21.85,MEDIUM
129.54,25.35,42.62,1346.12,16.98,MEDIUM
99.5,24.85,26.93,50.0,30.12,LOW
74.24,5.0,33.27,1097.53,18.29,MEDIUM
82.7,25.94,21.83,709.77,25.91,MEDIUM
103.84,30.26,17.0,466.83,32.15,MEDIUM
36.67,18.26,41.34,991.35,29.89,LOW
69.49,41.3,33.04,1365.53,17.08,LOW
258.23,68.78,34.37,1286.44,24.17,HIGH
95.19,34.09,47.53,793.25,22.27,HIGH
76.14,26.11,14.29,1217.81,19.7,LOW
53.06,37.78,20.82,1214.59,23.17,LOW
37.02,23.71,30.05,813.3,29.27,LOW
84.66,22.54,20.66,558.91,28.4,MEDIUM
88.82,13.33,38.18,583.2,24.09,MEDIUM
66.12,23.72,25.56,1201.9,25.85,LOW
320.0,77.5,15.1,832.3,18.07,HIGH
39.75,49.4,28.86,410.6,24.74,LOW
32.38,23.86,30.21,142.36,25.72,LOW
53.65,18.16,40.15,1199.37,23.85,MEDIUM
67.69,15.8,33.11,620.35,25.56,LOW
35.43,29.74,33.99,988.76,24.1,MEDIUM
83.23,11.91,32.16,1370.68,22.27,MEDIUM
89.64,38.4,25.55,300.25,27.72,MEDIUM
112.24,44.95,18.69,831.04,26.99,MEDIUM
47.16,30.34,31.75,778.31,25.98,HIGH
162.2,41.54,23.67,1009.49,23.55,MEDIUM
107.21,41.37,49.97,1370.45,24.12,MEDIUM
39.09,26.13,45.45,291.63,30.33,LOW
35.3,15.09,36.23,1089.32,22.32,LOW
56.49,47.39,32.92,1283.24,23.04,LOW
89.79,28.5,26.86,771.72,29.25,MEDIUM
98.95,42.37,11.61,792.27,21.91,LOW
107.07,8.53,25.19,1025.75,30.16,MEDIUM
247.88,71.7,29.32,994.82,20.24,HIGH
13.51,36.32,30.98,1094.59,22.97,LOW
64.8,28.7,34.1,1085.74,21.07,MEDIUM
234.93,61.74,39.98,437.57,34.03,CRITICAL
115.7,42.66,19.0,1265.91,21.69,MEDIUM
30.68,15.84,19.12,1340.05,21.37,LOW
80.3,36.87,46.86,928.15,23.64,MEDIUM
61.98,19.02,38.02,222.45,28.3,LOW
60.34,20.96,22.92,801.81,24.34,LOW
46.45,37.83,26.61,931.65,24.38,MEDIUM
75.75,40.84,26.66,369.27,16.04,MEDIUM
143.15,33.13,28.41,698.74,26.04,HIGH
49.79,17.9,34.14,258.06,27.9,LOW
107.61,28.12,60.95,1105.06,27.35,MEDIUM
120.39,45.32,30.47,919.7,29.05,MEDIUM
161.35,32.82,36.61,158.77,27.68,MEDIUM
34.79,27.49,6.08,997.62,27.12,LOW
71.52,37.66,21.7,826.27,21.76,LOW
42.28,23.79,43.97,1066.89,26.65,LOW
75.85,41.25,33.23,685.56,24.08,MEDIUM
75.49,26.73,2.0,513.38,22.9,LOW
27.79,20.09,36.76,526.25,26.04,MEDIUM
79.06,19.9,52.94,623.97,30.67,MEDIUM
255.7,70.1,2.05,857.91,25.72,HIGH
99.22,25.44,47.75,912.14,29.68,MEDIUM
22.9,25.51,2.0,769.9,23.14,LOW
32.98,22.49,40.19,672.21,29.33,LOW
68.92,17.45,27.89,702.41,23.75,LOW
33.64,16.68,2.0,1903.24,21.16,LOW
155.82,58.14,33.8,526.3,27.33,MEDIUM
20.39,23.48,42.96,615.65,28.35,LOW
99.69,22.85,32.73,2200.0,19.9,MEDIUM
16.42,23.99,35.6,1026.83,22.01,LOW
68.13,27.29,22.65,270.41,30.6,MEDIUM
29.58,60.73,3.8,1203.93,29.12,MEDIUM
112.08,39.07,36.99,467.78,25.03,MEDIUM
139.28,36.1,50.75,1231.81,17.58,MEDIUM
89.6,47.96,42.68,761.4,27.17,MEDIUM
143.46,20.7,2.16,665.29,24.95,LOW
5.26,19.88,8.31,1525.85,21.71,LOW
78.35,52.48,17.0,1087.89,25.88,HIGH
98.73,32.52,7.29,1258.66,21.88,MEDIUM
107.44,16.12,28.57,1032.67,23.49,MEDIUM
94.82,28.82,33.11,663.33,25.69,MEDIUM
109.01,51.44,9.41,1106.77,28.72,MEDIUM
77.73,34.57,38.1,1357.87,22.99,MEDIUM
23.12,12.47,35.81,906.59,20.97,LOW
46.17,17.85,20.87,1606.69,17.94,LOW
156.33,36.86,25.76,1207.2,24.01,HIGH
145.15,45.2,2.65,939.03,21.16,MEDIUM
97.5,48.32,23.68,955.62,19.7,MEDIUM
113.66,47.76,28.1,907.64,26.95,MEDIUM
134.23,44.49,30.19,324.48,29.73,MEDIUM
96.74,18.83,32.93,812.17,24.17,LOW
153.49,27.95,31.18,942.9,25.7,MEDIUM
150.23,47.9,24.56,675.24,26.56,MEDIUM
305.86,52.14,31.72,991.82,26.46,HIGH
47.72,23.15,41.03,858.95,27.07,MEDIUM
48.4,29.09,26.76,1174.95,15.37,LOW
91.89,20.19,32.13,1128.51,23.15,MEDIUM
226.33,42.95,25.58,920.2,26.52,HIGH
161.29,42.77,19.59,275.77,26.45,MEDIUM
123.07,43.23,34.8,1602.1,21.91,MEDIUM
168.37,56.62,20.78,790.41,27.85,MEDIUM
99.93,40.67,33.02,816.03,25.59,MEDIUM
56.99,27.93,28.37,706.14,30.65,LOW
261.67,51.66,24.05,644.87,29.7,HIGH
95.02,21.42,23.73,1498.5,21.88,MEDIUM
148.13,36.08,21.39,1432.14,21.92,LOW
5.2,23.34,6.6,1036.65,15.21,LOW
6.84,22.8,32.98,804.85,24.33,LOW
80.1,7.72,31.01,1110.03,19.67,MEDIUM
33.65,14.74,39.05,880.99,25.74,LOW
85.35,44.91,21.09,770.11,26.02,MEDIUM
48.35,26.61,52.64,992.0,26.76,MEDIUM
320.0,53.61,23.06,664.71,30.48,CRITICAL
140.56,66.4,16.62,955.95,24.61,MEDIUM
178.8,46.29,15.08,935.77,32.09,MEDIUM
8.8,23.64,5.46,1103.23,24.78,LOW
121.97,41.91,47.92,589.96,22.15,HIGH
62.17,23.9,45.82,1148.26,22.03,LOW
180.98,38.95,35.81,469.35,25.7,MEDIUM
110.42,59.01,16.35,609.52,28.15,MEDIUM
69.02,40.08,51.55,627.85,23.14,MEDIUM
25.48,31.12,23.43,399.74,26.25,MEDIUM
79.01,36.98,24.5,1276.58,22.74,MEDIUM
154.06,31.61,46.68,443.0,25.57,HIGH
187.65,62.08,36.57,556.46,29.09,HIGH
54.17,17.39,56.61,1377.27,24.85,MEDIUM
300.3,69.16,31.23,610.36,29.99,CRITICAL
146.37,23.39,22.84,770.98,24.47,MEDIUM
34.25,5.0,20.05,424.95,30.94,LOW
27.76,25.94,3.99,1199.84,19.24,LOW
65.14,19.52,24.38,1205.63,19.13,LOW
54.07,5.0,42.88,1160.36,19.89,MEDIUM
100.48,40.02,35.78,1075.76,24.19,MEDIUM
73.17,53.03,28.26,880.91,28.88,LOW
57.65,42.51,15.07,629.76,24.24,MEDIUM
17.4,17.95,30.95,507.71,25.19,LOW
112.7,36.13,41.17,1391.76,22.05,MEDIUM
15.9,30.31,33.6,1171.22,25.56,MEDIUM
146.68,53.81,30.17,558.81,24.96,MEDIUM
10.07,15.83,17.64,866.73,23.39,LOW
14.94,20.77,39.27,723.95,21.44,LOW
34.11,26.77,2.0,376.15,25.48,LOW
50.38,32.15,32.98,924.61,28.61,LOW
42.47,23.33,61.41,675.49,26.25,MEDIUM
50.2,24.71,8.39,449.93,24.61,LOW
86.56,47.03,24.86,228.76,31.93,MEDIUM
34.8,36.87,27.9,193.2,26.26,LOW
87.12,37.19,21.99,694.0,30.42,LOW
5.3,37.76,41.47,814.26,29.83,MEDIUM
33.68,19.14,34.14,482.37,27.01,LOW
14.17,38.12,29.98,1123.31,19.15,MEDIUM
145.58,47.26,38.36,822.47,32.63,MEDIUM
38.86,60.2,28.22,1092.29,25.32,LOW
107.98,22.16,65.0,773.18,24.48,MEDIUM
11.54,12.26,29.97,519.41,29.72,LOW
185.66,52.31,30.54,897.93,27.21,HIGH
76.3,34.58,5.76,319.68,31.76,LOW
70.06,50.66,20.94,1076.56,22.04,LOW
17.62,13.47,42.92,456.4,27.97,LOW
30.11,32.77,10.64,1235.66,19.64,LOW
59.07,40.24,2.0,707.85,27.95,MEDIUM
31.16,30.74,28.42,1296.26,23.09,LOW
136.19,29.22,45.82,378.5,28.2,HIGH
74.64,45.43,28.55,565.34,25.99,MEDIUM
31.5,36.56,23.63,1009.99,23.65,LOW
122.54,44.2,3.84,1341.61,20.18,MEDIUM
53.14,28.75,33.88,1549.98,24.55,MEDIUM
118.81,39.5,36.6,867.37,29.86,HIGH
46.62,24.59,4.84,1621.85,19.92,LOW
102.9,41.51,42.75,728.34,27.49,MEDIUM
51.68,26.61,37.95,1311.48,24.48,MEDIUM
136.22,30.46,42.72,454.28,26.98,MEDIUM
11.83,8.36,35.59,1026.48,19.5,LOW
23.58,13.5,36.5,50.0,24.61,LOW
63.21,30.56,34.77,378.93,24.8,MEDIUM
40.35,24.16,39.29,1046.0,17.45,LOW
50.43,28.44,4.36,298.78,32.16,LOW
111.15,41.29,8.49,1029.32,25.54,MEDIUM
49.59,19.03,18.43,1230.71,23.37,LOW
89.35,48.42,26.31,639.45,19.11,MEDIUM
33.48,20.41,33.05,443.04,21.17,LOW
9.1,14.69,32.22,650.84,26.06,LOW
118.32,42.24,42.52,444.36,33.31,HIGH
213.22,31.91,42.93,807.49,23.13,HIGH
82.83,22.56,16.66,892.88,27.75,MEDIUM
65.85,39.33,31.1,721.48,24.22,MEDIUM
76.64,11.15,16.98,1553.23,22.19,LOW
169.2,57.37,25.55,547.85,30.42,HIGH
83.55,47.99,32.18,1434.4,21.44,MEDIUM
122.24,33.49,2.0,412.68,24.93,LOW
118.59,40.19,59.35,880.57,29.58,MEDIUM
143.96,53.34,35.36,1346.9,23.08,HIGH
64.78,23.23,20.26,1325.17,26.53,LOW
46.11,34.92,53.06,673.49,23.78,LOW
103.7,27.21,23.48,1083.13,28.63,MEDIUM
137.25,34.71,29.72,1026.9,25.25,MEDIUM
154.8,33.97,21.67,623.23,27.59,MEDIUM
182.9,51.03,49.48,1108.7,24.43,HIGH
129.08,51.39,26.64,1632.25,20.04,MEDIUM
44.06,23.03,29.94,1048.11,24.28,MEDIUM
82.76,17.26,43.65,1087.87,22.69,MEDIUM
77.55,18.5,35.61,1132.31,26.98,LOW
71.51,33.78,27.29,236.39,27.29,LOW
103.84,54.9,42.44,1043.29,19.52,HIGH
60.33,31.98,61.0,422.96,21.72,MEDIUM
60.4,23.41,32.13,602.25,20.76,MEDIUM
221.6,61.88,29.52,1758.02,23.07,CRITICAL
67.36,26.14,30.22,743.63,21.97,LOW
143.27,36.76,45.04,539.13,27.53,LOW
148.81,31.27,20.21,1334.08,23.43,MEDIUM
84.41,47.0,24.38,451.98,26.76,MEDIUM
62.23,5.0,8.01,662.08,27.42,LOW
34.68,32.32,12.61,1374.6,23.32,LOW
15.65,15.4,21.27,867.96,16.42,LOW
109.01,30.93,27.27,194.13,27.09,MEDIUM
94.28,51.7,51.0,1078.48,25.51,HIGH
120.18,29.37,34.97,683.48,31.17,MEDIUM
48.53,18.28,16.14,1496.74,27.66,LOW
236.06,54.33,18.54,595.4,21.96,HIGH
100.17,38.58,45.87,1291.51,22.07,MEDIUM
65.46,23.61,42.65,1595.79,16.81,MEDIUM
8.41,5.0,28.37,492.6,31.65,LOW
52.98,16.95,22.25,768.85,28.78,MEDIUM
124.06,51.94,42.62,1013.22,25.56,MEDIUM
179.83,47.6,15.09,489.91,27.33,MEDIUM
73.35,34.7,33.1,963.52,29.08,MEDIUM
199.04,46.97,57.54,755.53,29.48,HIGH
32.42,15.93,30.67,747.07,29.34,LOW
96.29,51.86,17.92,870.55,26.54,MEDIUM
98.2,31.64,33.33,879.93,23.92,MEDIUM
109.61,30.66,21.89,918.83,27.32,MEDIUM
80.86,43.0,9.88,598.49,28.92,MEDIUM
92.63,24.87,37.11,616.83,25.61,LOW
31.74,16.54,42.53,800.19,24.28,LOW
168.7,45.1,23.96,831.2,28.89,MEDIUM
133.99,39.44,23.1,665.68,31.33,MEDIUM
90.08,35.27,15.5,986.05,22.16,LOW
136.09,62.78,26.05,87.8,27.76,MEDIUM
172.22,49.25,20.69,543.2,27.68,MEDIUM
108.53,9.21,14.86,732.43,27.26,LOW
252.39,61.97,52.6,490.43,25.12,HIGH
114.76,36.78,34.06,1534.26,28.12,MEDIUM
36.22,24.27,35.44,857.92,26.49,LOW
86.89,34.61,39.48,924.24,26.54,MEDIUM
139.65,40.03,38.02,647.04,31.72,MEDIUM
172.33,44.99,22.63,843.37,23.77,MEDIUM
82.1,37.88,31.54,339.59,27.19,MEDIUM
33.8,17.44,24.5,778.68,21.49,LOW
61.21,17.37,33.7,456.46,26.39,MEDIUM
21.84,54.76,32.44,733.49,20.93,MEDIUM
122.87,29.78,23.03,50.0,31.17,MEDIUM
52.46,27.49,10.72,376.24,28.65,LOW
41.2,8.14,29.9,1464.85,21.52,MEDIUM
131.03,40.25,25.34,1198.77,23.28,HIGH
196.46,39.17,3.43,1404.0,25.12,HIGH
41.05,19.7,34.6,1432.84,18.92,LOW
82.49,42.69,40.55,1132.65,24.56,HIGH
63.18,33.3,60.87,659.8,28.27,MEDIUM
177.53,52.66,22.91,414.35,21.43,MEDIUM
68.75,9.52,21.0,1331.63,25.2,LOW
31.06,43.18,13.58,877.12,19.7,MEDIUM
71.21,16.28,30.71,1897.49,20.08,MEDIUM
153.9,59.44,30.63,696.66,22.14,MEDIUM
60.4,38.9,17.45,1678.62,26.03,MEDIUM
44.68,31.5,25.73,784.15,21.77,LOW
66.47,19.23,2.28,1411.14,17.37,LOW
31.95,24.78,40.04,1562.61,22.39,LOW
63.12,22.92,17.98,420.36,25.78,LOW
47.47,25.91,27.55,646.3,21.28,LOW
281.78,60.34,9.45,416.15,28.81,MEDIUM
10.98,5.0,20.43,333.42,21.13,LOW
36.08,36.11,24.37,1130.17,20.6,LOW
44.65,24.25,27.85,767.42,23.71,MEDIUM
32.14,17.81,34.24,871.99,27.64,LOW
96.94,27.35,46.71,1083.62,28.27,MEDIUM
40.44,28.41,37.53,69.9,32.21,LOW
19.61,11.31,40.51,1390.44,22.25,LOW
77.28,5.56,46.8,703.38,18.07,MEDIUM
57.76,31.72,35.41,1073.61,25.42,MEDIUM
42.04,30.44,27.52,1110.7,28.71,LOW
174.66,43.75,41.12,1425.73,26.53,MEDIUM
99.22,21.25,41.95,805.96,26.85,LOW
91.65,33.64,36.43,50.0,24.97,LOW
100.75,18.01,9.09,873.99,23.39,LOW
97.21,22.25,17.06,934.3,30.98,LOW
60.04,19.35,24.43,415.61,22.6,LOW
40.8,33.81,38.14,911.95,21.22,LOW
78.52,26.57,27.72,698.37,28.87,MEDIUM
59.2,22.55,42.78,286.04,26.33,MEDIUM
10.81,41.23,45.1,1132.02,20.12,MEDIUM
29.71,26.63,43.59,613.24,31.13,LOW
53.59,30.3,43.67,679.32,27.42,LOW
132.91,35.2,14.52,655.72,24.83,LOW
78.77,24.04,34.27,1368.9,19.17,MEDIUM
34.93,5.0,20.1,832.82,31.8,LOW
27.45,33.05,6.56,883.22,24.95,MEDIUM
152.06,47.26,24.26,664.93,30.48,MEDIUM
62.17,25.98,45.22,1044.4,27.16,MEDIUM
1.95,16.8,33.99,1416.71,20.96,MEDIUM
65.21,36.53,54.23,1122.1,22.31,MEDIUM
114.3,19.19,30.3,1138.48,28.51,MEDIUM
26.68,15.78,59.82,1104.62,28.71,LOW
74.5,17.42,30.31,270.3,21.78,LOW
79.68,50.23,28.29,482.03,28.59,MEDIUM
28.17,32.14,11.37,763.91,25.17,MEDIUM
161.19,19.56,42.44,545.14,23.24,MEDIUM
80.67,14.26,21.47,402.89,28.02,LOW
53.38,25.08,19.59,63.69,24.39,LOW
62.49,22.8,44.66,284.46,26.23,MEDIUM
23.46,7.18,43.06,742.26,23.1,LOW
22.54,43.0,42.72,820.84,23.71,LOW
49.54,29.36,23.29,516.92,26.45,LOW
52.01,31.54,27.34,883.15,21.78,MEDIUM
59.41,19.89,27.22,667.79,31.03,MEDIUM
170.53,53.23,38.17,1308.04,24.69,HIGH
110.15,31.44,48.2,782.12,31.22,MEDIUM
12.9,16.95,32.79,1142.46,23.35,LOW
149.82,48.69,53.67,935.35,23.03,HIGH
49.23,7.96,39.66,261.13,33.45,LOW
117.41,54.35,24.95,811.92,23.5,MEDIUM
52.4,28.39,38.77,331.04,26.94,MEDIUM
77.01,44.41,50.18,804.59,27.68,MEDIUM
25.15,10.2,53.98,537.05,22.62,MEDIUM
89.58,22.18,43.43,1010.42,26.73,MEDIUM
126.52,25.46,28.33,286.21,29.58,MEDIUM
15.75,23.27,25.18,856.17,29.21,LOW
127.83,39.18,35.49,1090.41,26.94,MEDIUM
40.66,19.4,49.76,1231.19,27.62,MEDIUM
206.38,39.87,33.64,529.05,26.27,HIGH
118.88,23.09,33.91,857.46,22.38,MEDIUM
105.29,34.31,28.67,927.34,31.58,LOW
62.77,22.92,23.74,1499.79,17.37,LOW
314.49,60.78,25.89,227.84,23.41,HIGH
49.48,42.93,29.76,467.34,28.71,LOW
30.33,21.95,50.34,2027.87,25.07,MEDIUM
41.85,38.67,24.88,735.3,26.3,LOW
141.92,34.84,28.68,55.78,31.95,MEDIUM
75.95,32.84,16.75,605.33,19.89,MEDIUM
68.04,28.28,37.32,50.0,27.18,MEDIUM
50.06,7.34,45.77,951.19,18.72,MEDIUM
65.45,44.18,49.12,1190.11,26.14,MEDIUM
47.36,24.09,30.64,467.1,21.95,LOW
112.11,44.15,35.47,652.3,21.98,MEDIUM
58.39,19.07,26.0,1237.93,25.07,MEDIUM
42.49,22.99,34.86,114.91,31.88,LOW
134.14,29.93,32.08,294.94,27.16,LOW
31.19,36.59,28.76,754.19,27.43,LOW
76.73,33.7,29.79,534.02,28.32,MEDIUM
10.72,23.75,33.87,726.58,25.04,LOW
20.79,36.27,24.18,319.22,24.06,MEDIUM
53.65,39.3,24.85,940.01,26.58,MEDIUM
46.67,33.89,50.2,787.32,27.42,MEDIUM
46.62,9.82,63.24,1080.66,27.0,LOW
119.61,29.49,12.34,934.17,25.79,MEDIUM
124.33,26.85,11.63,936.81,21.05,LOW
87.61,40.02,15.56,242.55,30.12,LOW
29.74,24.63,26.66,1056.89,24.24,LOW
65.07,13.12,39.65,711.04,24.26,MEDIUM
225.1,51.94,35.69,780.03,24.55,HIGH
295.17,48.79,30.24,1290.27,20.98,CRITICAL
135.0,39.02,34.88,547.84,29.38,HIGH
30.78,5.0,19.0,1417.5,18.08,LOW
65.5,34.3,24.83,1456.68,19.27,MEDIUM
83.6,35.53,27.74,1166.17,22.7,MEDIUM
74.92,50.97,7.41,438.14,32.19,LOW
144.41,50.43,12.9,50.0,32.15,MEDIUM
116.11,31.93,13.42,1303.11,17.89,LOW
29.33,31.69,37.93,896.78,29.29,LOW
43.34,9.56,31.19,537.02,30.9,LOW
134.63,28.95,35.94,1342.9,19.2,MEDIUM
174.18,49.53,4.08,488.15,18.73,MEDIUM
84.34,7.75,8.71,671.85,25.75,MEDIUM
188.19,47.7,36.62,1070.45,27.77,MEDIUM
77.69,19.21,2.0,382.29,32.37,LOW
34.04,24.56,43.92,804.02,22.6,LOW
109.12,23.6,4.3,1307.44,28.72,MEDIUM
320.0,73.87,38.96,938.67,17.65,CRITICAL
23.63,21.99,16.45,1373.92,21.64,LOW
183.64,62.79,41.64,1326.11,21.7,HIGH
104.98,34.87,65.0,853.25,28.85,HIGH
41.25,16.15,2.0,50.0,32.93,LOW
11.02,17.05,37.04,385.58,30.32,LOW
6.59,5.0,4.49,1170.6,19.41,LOW
46.54,29.91,33.55,198.89,30.87,LOW
93.57,39.46,25.31,712.79,27.42,MEDIUM
128.19,65.67,29.69,992.16,19.19,MEDIUM
148.18,34.87,16.15,1467.22,15.78,MEDIUM
87.88,29.12,38.15,608.49,29.58,MEDIUM
78.54,24.23,9.17,579.74,25.81,MEDIUM
55.04,29.14,44.14,827.97,21.16,MEDIUM
95.15,37.42,22.68,997.38,23.85,MEDIUM
41.77,24.1,9.77,785.22,26.63,LOW
24.82,33.92,48.73,1290.69,22.93,MEDIUM
75.09,23.23,27.12,514.36,21.72,MEDIUM
121.74,48.33,52.8,900.47,30.98,HIGH
20.1,27.14,43.88,1036.99,27.55,MEDIUM
46.54,25.31,17.62,681.9,24.86,LOW
73.09,26.23,26.9,1202.68,22.64,MEDIUM
71.98,56.21,29.57,912.56,26.04,MEDIUM
103.08,25.51,47.84,1181.32,20.07,MEDIUM
221.03,56.64,33.69,931.52,25.84,HIGH
6.67,10.81,30.29,1008.09,20.21,LOW
227.37,74.02,25.4,584.4,26.14,HIGH
214.78,62.12,27.34,585.08,22.63,HIGH
129.61,31.28,44.96,1364.25,19.28,MEDIUM
83.23,36.95,28.05,1116.91,29.24,MEDIUM
42.46,27.63,22.87,420.35,27.3,LOW
128.56,32.89,20.66,925.96,25.5,MEDIUM
86.3,40.15,20.8,50.0,22.34,LOW
55.95,31.23,9.77,608.95,24.35,LOW
126.34,40.59,18.25,1253.63,24.83,MEDIUM
141.13,40.12,47.48,797.44,26.03,HIGH
173.3,50.47,25.31,899.52,18.06,MEDIUM
38.66,26.71,37.16,50.0,29.44,LOW
158.98,44.09,2.0,685.25,27.09,LOW
56.76,20.03,35.39,992.07,28.64,MEDIUM
83.39,49.97,25.9,1045.42,22.2,MEDIUM
95.21,21.68,21.74,1254.19,16.18,MEDIUM
150.6,46.8,30.35,761.69,22.38,HIGH
117.78,33.32,21.55,780.42,21.98,MEDIUM
55.23,46.19,2.0,290.51,30.05,LOW
7.88,9.32,39.99,764.1,16.87,LOW
102.24,26.27,31.16,320.14,26.12,LOW
80.94,20.28,23.92,73.89,33.23,LOW
23.34,25.29,15.44,394.22,27.25,LOW
87.94,16.97,8.89,1483.65,25.19,LOW
72.41,24.32,30.91,736.36,20.43,LOW
172.2,21.88,48.97,942.35,19.63,HIGH
237.3,58.61,30.64,634.33,30.74,CRITICAL
138.81,34.71,10.02,97.97,28.88,LOW
69.35,12.73,30.93,1243.17,23.74,MEDIUM
77.3,42.31,27.31,50.0,25.2,MEDIUM
37.51,9.62,39.23,616.99,26.55,LOW
43.74,33.76,35.89,827.06,21.61,MEDIUM
66.38,20.91,2.0,946.81,28.54,LOW
61.25,45.42,35.09,544.88,35.28,MEDIUM
22.07,29.78,14.95,78.06,30.2,LOW
173.36,34.65,9.52,513.54,24.66,MEDIUM
189.25,38.19,25.55,535.52,18.48,HIGH
169.75,51.82,33.34,525.3,21.25,HIGH
193.41,46.06,6.67,1257.42,28.32,MEDIUM
281.46,61.17,37.16,340.29,24.18,CRITICAL
38.12,38.09,37.92,976.41,23.42,MEDIUM
273.83,53.58,28.61,916.48,26.97,HIGH
54.96,27.8,16.72,1253.39,28.1,LOW
112.96,46.57,15.27,794.08,24.79,LOW
17.1,29.64,41.34,1182.28,22.38,MEDIUM
49.53,24.17,8.35,777.67,25.73,LOW
141.45,37.45,41.84,1032.44,22.35,MEDIUM
116.68,17.54,25.85,218.76,26.18,MEDIUM
54.13,15.04,26.75,50.0,30.09,LOW
77.27,33.87,5.79,1008.57,25.05,MEDIUM
45.39,23.75,26.09,1031.1,31.18,LOW
141.19,41.42,35.98,1049.71,25.68,MEDIUM
180.91,58.38,10.63,629.53,29.85,MEDIUM
38.26,11.06,34.48,1475.68,18.93,MEDIUM
71.62,26.86,29.16,656.85,27.72,LOW
